Kind;Documentation Format
appengine.v1.version;attributesFilters2_actionsFilters2
appengine.v1beta4.version;attributesFilters2_actionsFilters2
appengine.v1beta5.version;attributesFilters2_actionsFilters2
bigquery.v2.dataset;attributesFilters1_actionsFilters1
bigquery.v2.table;attributesFilters1_actionsFilters1
cloudfunctions.v1beta2.function;attributesFilters1_actionsFilters2
clouduseraccounts.beta.group;attributesFilters1_actionsFilters1
clouduseraccounts.beta.user;attributesFilters1_actionsFilters1
compute.beta.address;attributesFilters1_actionsFilters1
compute.beta.autoscaler;attributesFilters1_actionsFilters1
compute.beta.backendBucket;attributesFilters1_actionsFilters1
compute.beta.backendService;attributesFilters1_actionsFilters1
compute.beta.disk;attributesFilters1_actionsFilters1
compute.beta.firewall;attributesFilters1_actionsFilters1
compute.beta.forwardingRule;attributesFilters1_actionsFilters1
compute.beta.globalAddress;attributesFilters1_actionsFilters1
compute.beta.globalForwardingRule;attributesFilters1_actionsFilters1
compute.beta.healthCheck;attributesFilters1_actionsFilters1
compute.beta.httpHealthCheck;attributesFilters1_actionsFilters1
compute.beta.httpsHealthCheck;attributesFilters1_actionsFilters1
compute.beta.image;attributesFilters1_actionsFilters1
compute.beta.instance;attributesFilters1_actionsFilters1
compute.beta.instanceGroup;attributesFilters1_actionsFilters1
compute.beta.instanceGroupManager;attributesFilters1_actionsFilters1
compute.beta.instanceTemplate;attributesFilters1_actionsFilters1
compute.beta.network;attributesFilters1_actionsFilters1
compute.beta.regionAutoscaler;attributesFilters1_actionsFilters1
compute.beta.regionBackendService;attributesFilters1_actionsFilters1
compute.beta.regionInstanceGroup;attributesFilters1_actionsFilters1
compute.beta.regionInstanceGroupManager;attributesFilters1_actionsFilters1
compute.beta.route;attributesFilters1_actionsFilters1
compute.beta.router;attributesFilters1_actionsFilters1
compute.beta.sslCertificate;attributesFilters1_actionsFilters1
compute.beta.subnetwork;attributesFilters1_actionsFilters1
compute.beta.targetHttpProxy;attributesFilters1_actionsFilters1
compute.beta.targetHttpsProxy;attributesFilters1_actionsFilters1
compute.beta.targetInstance;attributesFilters1_actionsFilters1
compute.beta.targetPool;attributesFilters1_actionsFilters1
compute.beta.targetSslProxy;attributesFilters1_actionsFilters1
compute.beta.targetVpnGateway;attributesFilters1_actionsFilters1
compute.beta.urlMap;attributesFilters1_actionsFilters1
compute.beta.vpnTunnel;attributesFilters1_actionsFilters1
compute.v1.address;attributesFilters1_actionsFilters1
compute.v1.autoscaler;attributesFilters1_actionsFilters1
compute.v1.backendService;attributesFilters1_actionsFilters1
compute.v1.disk;attributesFilters1_actionsFilters1
compute.v1.firewall;attributesFilters1_actionsFilters1
compute.v1.forwardingRule;attributesFilters1_actionsFilters1
compute.v1.globalAddress;attributesFilters1_actionsFilters1
compute.v1.globalForwardingRule;attributesFilters1_actionsFilters1
compute.v1.healthCheck;attributesFilters1_actionsFilters1
compute.v1.httpHealthCheck;attributesFilters1_actionsFilters1
compute.v1.httpsHealthCheck;attributesFilters1_actionsFilters1
compute.v1.image;attributesFilters1_actionsFilters1
compute.v1.instance;attributesFilters1_actionsFilters1
compute.v1.instanceGroup;attributesFilters1_actionsFilters1
compute.v1.instanceGroupManager;attributesFilters1_actionsFilters1
compute.v1.instanceTemplate;attributesFilters1_actionsFilters1
compute.v1.network;attributesFilters1_actionsFilters1
compute.v1.regionAutoscaler;attributesFilters1_actionsFilters1
compute.v1.regionBackendService;attributesFilters1_actionsFilters1
compute.v1.regionInstanceGroup;attributesFilters1_actionsFilters1
compute.v1.regionInstanceGroupManager;attributesFilters1_actionsFilters1
compute.v1.route;attributesFilters1_actionsFilters1
compute.v1.router;attributesFilters1_actionsFilters1
compute.v1.sslCertificate;attributesFilters1_actionsFilters1
compute.v1.subnetwork;attributesFilters1_actionsFilters1
compute.v1.targetHttpProxy;attributesFilters1_actionsFilters1
compute.v1.targetHttpsProxy;attributesFilters1_actionsFilters1
compute.v1.targetInstance;attributesFilters1_actionsFilters1
compute.v1.targetPool;attributesFilters1_actionsFilters1
compute.v1.targetSslProxy;attributesFilters1_actionsFilters1
compute.v1.targetVpnGateway;attributesFilters1_actionsFilters1
compute.v1.urlMap;attributesFilters1_actionsFilters1
compute.v1.vpnTunnel;attributesFilters1_actionsFilters1
container.v1.cluster;attributesFilters1_actionsFilters2
dataproc.v1.cluster;attributesFilters1_actionsFilters2
dns.v1.managedZone;attributesFilters1_actionsFilters1
iam.v1.serviceAccount;attributesFilters1_actionsFilters2
iam.v1.serviceAccounts.key;attributesFilters1_actionsFilters2
logging.v2.metric;attributesFilters1_actionsFilters2
logging.v2.sink;attributesFilters1_actionsFilters2
pubsub.v1.subscription;attributesFilters1_actionsFilters2
pubsub.v1.topic;attributesFilters1_actionsFilters2
runtimeconfig.v1beta1.config;attributesFilters1_actionsFilters2
runtimeconfig.v1beta1.variable;attributesFilters1_actionsFilters2
runtimeconfig.v1beta1.waiter;attributesFilters1_actionsFilters2
sqladmin.v1beta4.database;attributesFilters1_actionsFilters1
sqladmin.v1beta4.instance;attributesFilters1_actionsFilters1
storage.v1.bucket;attributesFilters1_actionsFilters1
storage.v1.bucketAccessControl;attributesFilters1_actionsFilters1
storage.v1.defaultObjectAccessControl;attributesFilters1_actionsFilters1
storage.v1.object;attributesFilters1_actionsFilters1
storage.v1.objectAccessControl;attributesFilters1_actionsFilters1
